word,pron,freq
~~~~bo,~~~~bo,2.56
~~~~bé,~~~be,5.3999999999999995
~~~~ce,~~~~s,18.65
~~~~co,~~~ko,6.0600000000000005
~~~~cu,~~ky,9.7
~~~~cé,~~~se,68.57000000000001
~~~~da,~~~da,6.76
~~~~de,~~~~d,2.9000000000000004
~~~~di,~~~~di,44.51
~~~~do,~~~~do,2.09
~~~~du,~~~dy,5.0200000000000005
~~~~dy,~~~~di,3.18
~~~~dé,~~~~de,114.52000000000002
~~~~fi,~~fi,1.25
~~~~fé,~~fe,6.28
~~~~ga,~~~~ga,1.69
~~~~ge,~~~~ge,123.73
~~~~go,~~~~go,3.66
~~~~gu,~~~gy,1.77
~~~~gé,~~Ze,119.62
~~~~hi,~~~i,5.050000000000001
~~~~la,~~~la,2.6499999999999995
~~~~le,~~~~l,12.11
~~~~li,~~~~li,43.71
~~~~lo,~~~~lo,9.35
~~~~lu,~~~~ly,21.11
~~~~lé,~~~~le,422.81999999999977
~~~~ma,~~~~ma,73.75999999999999
~~~~me,~~~~m,2.6
~~~~mi,~~~mi,68.48
~~~~mé,~~~me,20.270000000000003
~~~~na,~~~~na,3.75
~~~~ni,~~~ni,12.5
~~~~no,~~~~no,21.73
~~~~nu,~~~~ny,194.76999999999998
~~~~né,~~~ne,66.39
~~~~pa,~~~pa,2.96
~~~~pé,~~~pe,143.77
~~~~ra,~~~~Ra,122.68000000000005
~~~~re,~~~~R,19.18
~~~~ri,~~Ri,27.04
~~~~ro,~~~~Ro,165.31
~~~~ru,~~~Ry,6.43
~~~~ry,~~Ri,2.88
~~~~ré,~~~~Re,88.28000000000002
~~~~s,~~~~s,1.1099999999999999
~~~~sa,~~sa,4.24
~~~~se,~~~~s,11.82
~~~~si,~~~~si,61.959999999999994
~~~~sé,~~se,174.43
~~~~ta,~~~~ta,6.079999999999998
~~~~te,~~~~t,85.86
~~~~ti,~~~~ti,34.45
~~~~to,~~to,5.2299999999999995
~~~~tu,~~~ty,15.65
~~~~té,~~~~te,353.78000000000003
~~~~va,~~~va,10.61
~~~~vu,~~~vy,18.5
~~~~vé,~~~ve,635.7099999999999
~~~~za,~~~~za,2.73
~~~~zé,~~~ze,2.62
~~~~çu,~~~~sy,10.299999999999999
~~~ba,~~ba,8.42
~~~bah,~~~ba,1.76
~~~bal,~~~bal,3.58
~~~bat,~~ba,63.7
~~~ber,~~~ber,180.69
~~~bez,~~be,4.96
~~~bi,~~~bi,10.91
~~~bib,~~bib,5.71
~~~bie,~~bi,3.76
~~~bif,~~~bif,1.38
~~~bin,~~b5,9.94
~~~bis,~~~bi,7.9399999999999995
~~~bla,~~bla,1.1
~~~ble,~~~ble,1.11
~~~bli,~~~bli,9.09
~~~blé,~~ble,15.04
~~~bo,~~bo,3.96
~~~bon,~~~bon,15.849999999999998
~~~bou,~~bu,1.4300000000000002
~~~bré,~~bRe,3.35
~~~bu,~~~by,10.6
~~~bus,~~~by,4.08
~~~by,~bi,2.5
~~~bé,~~be,65.14
~~~bée,~~be,36.37
~~~bés,~~be,10.190000000000001
~~~ca,~~~ca,1.1800000000000002
~~~cal,~~~kal,6.31
~~~can,~~~k@,5.02
~~~cas,~~~ka,5.6
~~~cat,~~~ka,89.64
~~~ce,~~~s,1.53
~~~cer,~~~cer,37.79
~~~cez,~~se,9.61
~~~cha,~~~Sa,2.34
~~~cho,~~~cho,2.11
~~~ché,~~~Se,139.48999999999995
~~~ci,~~~si,1594.04
~~~cie,~~si,7.02
~~~cin,~~~s5,5.6499999999999995
~~~cir,~~~siR,1.97
~~~cis,~~si,23.52
~~~cié,~~sje,1.39
~~~clu,~~kly,11.88
~~~clé,~~kle,3.83
~~~co,~~~ko,5.440000000000001
~~~con,~~~k§,15.24
~~~cot,~~~ko,1.26
~~~cou,~~ku,12.71
~~~cue,~~~ky,1.97
~~~cul,~~~cul,5.95
~~~cun,~~k1,93.61
~~~cur,~~~kyR,5.0
~~~cus,~~~cus,1.47
~~~cué,~~~k8e,2.19
~~~cès,~~~sE,84.99
~~~cé,~~~se,50.32000000000001
~~~cée,~~~se,24.369999999999994
~~~cés,~~~se,10.499999999999998
~~~da,~~~da,2.4999999999999996
~~~dat,~~~da,52.78
~~~de,~~~d,1.03
~~~del,~~~dEl,97.84
~~~den,~~~den,2.37
~~~der,~~~der,150.41
~~~dez,~~de,59.49000000000001
~~~di,~~di,63.61
~~~die,~~~di,11.42
~~~din,~~~d5,55.65
~~~dir,~~diR,2.2899999999999996
~~~dis,~~di,11.34
~~~dit,~~di,36.73
~~~dié,~~~dje,17.37
~~~do,~~~do,4.66
~~~don,~~~d§,269.81
~~~dor,~~dOR,1.3
~~~dou,~~du,4.89
~~~dra,~~dRa,130.11
~~~du,~~~dy,252.82999999999998
~~~due,~~~dy,38.12
~~~dus,~~~dy,19.81
~~~dy,~~di,4.9399999999999995
~~~dé,~~~de,48.47
~~~dée,~~~de,6.429999999999998
~~~dés,~~~de,5.859999999999999
~~~fan,~~~fan,1.22
~~~fas,~~fa,4.57
~~~fer,~~~fer,5.29
~~~fet,~~~fE,7.42
~~~fi,~~fi,4.52
~~~fic,~~~fik,13.24
~~~fie,~~fi,8.29
~~~fil,~~~fil,13.38
~~~fin,~~~fin,1.3
~~~fit,~~fi,188.64
~~~fié,~~fje,10.71
~~~flé,~~fle,7.240000000000001
~~~fré,~~fRe,1.46
~~~fum,~~~fum,24.44
~~~fus,~~fy,7.65
~~~fut,~~fy,1.56
~~~ga,~~~ga,2.38
~~~gae,~~~gae,1.79
~~~gar,~~~gar,5.44
~~~ge,~~~Z,18.93
~~~gea,~~Za,1.1400000000000001
~~~ger,~~~ger,379.51
~~~get,~~~ZE,10.54
~~~gez,~~Ze,73.17
~~~gi,~~~Zi,2.79
~~~gie,~~Zi,7.57
~~~gir,~~ZiR,2.51
~~~gis,~~Zi,1.75
~~~git,~~~Zi,2.96
~~~gle,~~~gle,1.11
~~~glé,~~gle,24.12
~~~gné,~~~Ne,7.300000000000001
~~~go,~~~go,29.19
~~~gon,~~~g§,12.43
~~~gos,~~~go,3.36
~~~got,~~~go,1.18
~~~gri,~~gRi,2.81
~~~gré,~~~gRe,48.58
~~~gué,~~~ge,12.63
~~~gé,~~Ze,106.30999999999999
~~~gée,~~~Ze,10.89
~~~gés,~~Ze,6.300000000000001
~~~hi,~~~i,17.48
~~~hie,~~~i,2.8899999999999997
~~~hir,~~~iR,10.18
~~~his,~~~i,6.14
~~~hit,~~~hit,3.87
~~~hut,~~y,1.27
~~~jat,~~Za,1.23
~~~jet,~~~jet,51.45
~~~jo,~~~Zo,5.65
~~~jon,~~Z§,3.44
~~~jou,~~Zu,1.63
~~~ka,~~~ka,19.11
~~~kee,~~ki,3.71
~~~ker,~~~kER,3.91
~~~ket,~~~kEt,10.91
~~~kie,~~~ki,3.39
~~~ky,~~~ki,1.7999999999999998
~~~la,~~~la,56.13
~~~lan,~~~l@,3.11
~~~lar,~~laR,13.89
~~~las,~~~las,1.32
~~~len,~~lEn,1.2
~~~ler,~~~ler,795.8599999999999
~~~let,~~~let,48.66
~~~ley,~~~ley,1.78
~~~lez,~~le,562.12
~~~li,~~li,2.37
~~~lie,~~li,1.6600000000000001
~~~lin,~~l5,6.8
~~~lir,~~~liR,1.35
~~~lis,~~li,1.21
~~~lo,~lo,10.82
~~~lon,~~l§,30.77
~~~lot,~~lo,208.65
~~~lou,~~lu,1.45
~~~lu,~~ly,178.98
~~~lue,~~~ly,3.5300000000000002
~~~lut,~~ly,3.81
~~~lué,~~~l8e,4.890000000000001
~~~lye,~~~lye,1.68
~~~là,~~~la,726.44
~~~lé,~~~le,306.21999999999997
~~~lée,~~~le,25.229999999999997
~~~lés,~~~le,11.049999999999999
~~~ma,~~~ma,13.89
~~~mal,~~~mal,138.61
~~~man,~~~man,7.53
~~~mas,~~ma,4.87
~~~mat,~~~ma,8.53
~~~me,~~~m,15.98
~~~mel,~~~mEl,2.6799999999999997
~~~mer,~~~mer,111.41000000000001
~~~mes,~~~m,11.05
~~~met,~~~mE,31.27
~~~mez,~~~me,83.17000000000002
~~~mi,~~~mi,110.86
~~~mie,~~mi,5.28
~~~min,~~m5,114.34
~~~mir,~~~miR,162.29
~~~mis,~~~mi,170.61999999999998
~~~mit,~~~mi,2.94
~~~mo,~~~mo,9.91
~~~mon,~~m§,10.719999999999999
~~~mos,~~~mos,2.34
~~~mot,~~~mo,1.21
~~~mu,~~~my,4.09
~~~mun,~~m1,26.39
~~~mé,~~~me,72.95
~~~mée,~~~me,27.610000000000003
~~~més,~~~me,19.439999999999998
~~~na,~~na,11.839999999999998
~~~nas,~~~na,2.02
~~~nel,~~nEl,15.88
~~~ner,~~~ner,249.01
~~~net,~~~nE,12.52
~~~nez,~~~ne,197.69
~~~ni,~~ni,4.09
~~~nie,~~~ni,11.6
~~~nil,~~nil,1.3
~~~nir,~~~niR,73.72999999999999
~~~nis,~~~nis,11.37
~~~nit,~~~nit,1.88
~~~no,~~~no,36.94
~~~nom,~~~n§,30.08
~~~nos,~~~no,3.8099999999999996
~~~not,~~no,1.38
~~~nou,~~nu,3.87
~~~nu,~~ny,78.75
~~~nue,~~ny,16.63
~~~num,~~~n9m,3.65
~~~nus,~~ny,11.91
~~~ny,~~ni,6.57
~~~né,~~ne,265.21999999999997
~~~née,~~ne,22.860000000000007
~~~nés,~~ne,9.999999999999998
~~~pa,~~pa,79.64999999999999
~~~pas,~~pa,7.7
~~~pel,~~pEl,3.77
~~~per,~~~per,81.16999999999999
~~~pet,~~pE,2.08
~~~pez,~~pe,29.500000000000004
~~~pi,~~pi,1.12
~~~pie,~~pi,3.46
~~~pin,~~p5,1.4500000000000002
~~~pir,~~piR,4.75
~~~ple,~~~ple,4.07
~~~pli,~~pli,17.880000000000003
~~~plé,~~ple,1.87
~~~po,~~~po,2.48
~~~pon,~~p§,6.7
~~~pos,~~~po,117.14999999999999
~~~pot,~~~po,1.25
~~~pu,~~py,15.69
~~~pue,~~py,1.17
~~~pus,~~~pus,6.04
~~~pé,~~pe,48.93999999999999
~~~pée,~~pe,34.26
~~~pés,~~pe,5.249999999999999
~~~qué,~~~ke,79.64999999999999
~~~ra,~~Ra,135.37
~~~rai,~~RE,71.14
~~~ral,~~~Ral,10.509999999999998
~~~ras,~~~ras,70.58000000000001
~~~rat,~~~Ra,1.28
~~~rax,~~Raks,3.62
~~~rer,~~~rer,34.69
~~~ret,~~RE,1.16
~~~rez,~~Re,70.11000000000001
~~~ri,~~Ri,119.92
~~~ria,~~~ria,2.66
~~~rie,~~Ri,181.9
~~~rif,~~Rif,45.95
~~~ril,~~~Ril,2.08
~~~rin,~~~R5,1.1400000000000001
~~~rir,~~RiR,301.77
~~~ris,~~Ri,45.410000000000004
~~~rit,~~Ri,15.879999999999999
~~~ro,~~~Ro,2.63
~~~ron,~~R§,9.719999999999999
~~~rot,~~~Ro,2.4699999999999998
~~~rou,~~Ru,5.17
~~~ru,~~Ry,13.39
~~~rus,~~~rus,2.88
~~~rut,~~~rut,7.27
~~~ry,~~Ri,4.24
~~~ré,~~~Re,32.23000000000001
~~~rée,~~~Re,100.83
~~~réo,~~~reo,2.47
~~~rés,~~Re,7.420000000000001
~~~sa,~~sa,9.17
~~~sai,~~~sai,1.3900000000000001
~~~sal,~~sal,1.77
~~~sel,~~~sel,1.47
~~~ser,~~~ser,661.6500000000001
~~~set,~~~set,2.94
~~~sez,~~se,236.00999999999996
~~~sha,~~Sa,2.23
~~~shé,~~~Se,1.65
~~~si,~si,1610.01
~~~sie,~~si,3.82
~~~sif,~~sif,6.09
~~~sil,~~~si,1.75
~~~sin,~~~sin,43.190000000000005
~~~sio,~~~sio,1.14
~~~sir,~~~zir,9.4
~~~sis,~~~sis,8.959999999999999
~~~sit,~~~sit,2.39
~~~so,~~~so,3.42
~~~son,~~~son,1023.3
~~~sor,~~~sor,44.86
~~~sou,~~su,5.28
~~~su,~~sy,15.620000000000001
~~~sue,~~~sue,2.08
~~~sul,~~syl,3.56
~~~sus,~~sy,173.31
~~~sé,~~se,755.5599999999998
~~~sée,~~se,102.08000000000001
~~~sés,~~se,38.690000000000005
~~~ta,~~~ta,15.950000000000001
~~~tai,~~~tai,1.4200000000000002
~~~tal,~~~tal,7.58
~~~tan,~~~t@,2.15
~~~tar,~~~taR,4.72
~~~tau,~~~to,3.31
~~~te,~~~te,16.98
~~~tel,~~~tEl,20.139999999999997
~~~ter,~~~ter,491.46000000000004
~~~tes,~~~t,5.17
~~~tex,~~~tex,14.919999999999998
~~~tez,~~~te,295.73
~~~ti,~~~ti,299.69
~~~tie,~~~ti,330.83000000000004
~~~tif,~~~tif,5.17
~~~til,~~~til,141.72000000000003
~~~tin,~~~t5,96.22999999999999
~~~tio,~~~tio,1.08
~~~tir,~~~tiR,678.88
~~~tis,~~~ti,70.89
~~~tit,~~~ti,6.48
~~~tié,~~~tje,115.84
~~~to,~~to,128.16
~~~toc,~~~tOk,1.28
~~~ton,~~~t§,55.47
~~~tor,~~~tOR,2.4
~~~tos,~~~tos,3.94
~~~tou,~~tu,5.91
~~~tra,~~tRa,23.65
~~~tré,~~tRe,80.44999999999999
~~~tu,~~ty,85.63
~~~tue,~~ty,27.9
~~~tus,~~ty,18.35
~~~tyr,~~~tiR,4.44
~~~té,~~te,223.95
~~~tée,~~~te,48.94
~~~tés,~~~te,31.6
~~~tôt,~~~to,210.4
~~~va,~~~va,1.11
~~~val,~~val,85.42
~~~ve,~~~v,2.94
~~~vel,~~vEl,30.59
~~~ver,~~~ver,103.85
~~~vet,~~vE,3.28
~~~veu,~~v2,5.11
~~~vez,~~ve,366.15
~~~vi,~~~vi,77.28999999999999
~~~vie,~~~vi,24.27
~~~vir,~~~viR,74.85
~~~vis,~~~vi,10.08
~~~vit,~~~vi,5.26
~~~vo,~~~vo,57.309999999999995
~~~voi,~~vwa,11.05
~~~vra,~~~vRa,5.289999999999999
~~~vu,~~~vy,55.54
~~~vue,~~~vy,4.35
~~~vé,~~~ve,74.79
~~~vée,~~~ve,44.339999999999996
~~~vés,~~~ve,13.569999999999999
~~~za,~~~za,18.650000000000002
~~~zas,~~~za,4.49
~~~çon,~~~s§,189.96
~~~çu,~~sy,9.399999999999999
~~~çue,~~sy,2.67
~~~çus,~~sy,1.17
~~ba,~~ba,3.2
~~bab,~~bab,1.1
~~bac,~~bac,15.7
~~bain,~~b5,3.2800000000000002
~~bais,~~bE,1.61
~~ban,~~b@,6.79
~~bans,~~b@,2.17
~~bard,~~baR,1.8599999999999999
~~bat,~~ba,9.66
~~bats,~~ba,4.51
~~baye,~~baj,3.02
~~bel,~~bEl,1.3
~~ber,~~ber,2.5399999999999996
~~bert,~~bER,1.44
~~bet,~~bE,1.09
~~beur,~~b9R,3.71
~~bi,~~bi,14.150000000000002
~~bia,~~bja,2.02
~~bie,~~bi,1.4700000000000002
~~bier,~~bje,5.88
~~bies,~~bi,1.44
~~bir,~~biR,10.64
~~bis,~~bi,4.69
~~bit,~~bit,8.34
~~bits,~~bits,19.29
~~bler,~~ble,1.08
~~bli,~bli,6.92
~~blic,~~blik,64.62
~~blie,~~blie,127.34
~~blot,~blo,1.77
~~bo,~~bo,32.33
~~bord,~~bOR,4.66
~~bos,~~bo,2.13
~~bot,~~bo,20.38
~~bots,~~bo,11.24
~~bou,~bu,4.08
~~bout,~~bu,91.81
~~bra,~~bRa,4.12
~~brer,~~bRe,2.18
~~breu,~bR2,2.9
~~bris,~~bRi,4.96
~~bu,~~by,4.01
~~bum,~~bum,9.36
~~but,~~by,111.34
~~buts,~~by,5.1499999999999995
~~by,~~~bi,13.19
~~bé,~~be,192.46999999999997
~~bés,~~be,17.81
~~bê,~bE,3.09
~~ca,~~ca,26.240000000000006
~~cal,~~kal,13.779999999999998
~~card,~~kaR,1.3599999999999999
~~cars,~~kaR,1.07
~~caux,~~ko,5.39
~~ce,~~ce,2.21
~~ceau,~~so,2.89
~~cens,~~s@s,2.44
~~cent,~~s@,19.61
~~ceps,~~sEps,1.62
~~cer,~~cer,10.24
~~cets,~~cets,3.57
~~ceur,~~s9R,1.77
~~cha,~~Sa,8.35
~~chat,~~chat,1.75
~~cher,~~cher,155.75
~~chet,~~SE,12.76
~~chez,~~Se,94.91000000000001
~~chin,~~S5,12.34
~~chis,~~Si,6.24
~~cho,~~~So,3.69
~~chon,~~S§,25.670000000000005
~~chos,~~~So,1.26
~~chot,~~So,3.3
~~chu,~~Sy,19.23
~~chue,~~Sy,6.67
~~chus,~~Sy,3.98
~~ché,~~Se,130.13
~~chée,~~Se,30.870000000000005
~~chés,~~Se,27.599999999999998
~~ci,~~si,243.52999999999997
~~cial,~~sjal,10.82
~~cien,~sj5,40.22
~~cif,~~sif,1.31
~~cit,~~cit,7.12
~~cits,~~cits,2.77
~~ckel,~~kEl,4.3999999999999995
~~cker,~~k9R,1.25
~~cket,~~cket,13.62
~~ckey,~kE,6.38
~~cler,~~kle,1.3900000000000001
~~clin,~~kl5,1.73
~~clos,~klo,2.95
~~clu,~~kly,4.42
~~clue,~~kly,1.34
~~clus,~kly,2.75
~~clut,~~kly,2.02
~~clé,~~kle,1.8699999999999999
~~clée,~~kle,6.99
~~co,~~ko,18.31
~~con,~~k§,7.930000000000001
~~cond,~~k§,26.21
~~cool,~~cool,40.29
~~cor,~~kOR,6.01
~~cord,~kOR,761.77
~~cors,~~kOR,2.38
~~cos,~~ko,3.0300000000000002
~~cot,~~ko,1.8
~~coue,~~ku,4.77
~~coué,~~coué,3.96
~~cret,~~kRE,116.69
~~cris,~~kRi,2.5
~~crit,~~kRi,8.299999999999999
~~cro,~~kRo,11.809999999999999
~~croc,~~kRo,6.77
~~cros,~~kRo,3.8899999999999997
~~crue,~~kRy,1.89
~~cré,~~kRe,55.21000000000001
~~crée,~~kRe,28.59
~~crés,~~kRe,6.450000000000001
~~cu,~ky,105.21999999999998
~~cue,~~ky,3.45
~~cul,~~cul,3.59
~~cun,~k1,247.38
~~cuns,~k1,1.22
~~cus,~~ky,1.85
~~cut,~~ky,1.43
~~cès,~~sE,51.81
~~cé,~~se,9.930000000000001
~~cée,~~se,42.089999999999996
~~da,~~da,22.969999999999995
~~dais,~dE,3.18
~~dait,~dE,3.47
~~dans,~~dans,80.28
~~dant,~~dant,1.7
~~dar,~~daR,8.05
~~dars,~~daR,2.31
~~das,~~das,2.8700000000000006
~~de,~~de,19.59
~~deau,~~do,112.12
~~dent,~~d@,4.47
~~der,~~der,362.77
~~det,~~dE,7.2299999999999995
~~dets,~~dE,3.05
~~deur,~~d9R,13.120000000000001
~~deux,~d2,1.93
~~dex,~dEks,2.18
~~dez,~de,64.36
~~di,~~di,41.21999999999999
~~dia,~~dja,8.6
~~dias,~~dja,9.46
~~dic,~dik,4.33
~~dics,~dik,1.03
~~die,~~di,1.83
~~dien,~dj5,9.879999999999999
~~dier,~~dje,1.9
~~dieu,~~dj2,1.11
~~diez,~dje,2.21
~~din,~~d5,3.9699999999999998
~~dio,~~djo,71.31
~~dios,~~djo,6.92
~~dis,~~dis,12.05
~~dium,~~djOm,9.129999999999999
~~dié,~~dje,4.67
~~diée,~~dje,1.2000000000000002
~~do,~~do,10.01
~~docs,~~dOk,1.29
~~don,~~d§,13.200000000000001
~~dons,~~d§,3.44
~~dors,~dOR,6.08
~~dort,~dOR,5.67
~~dran,~~dR@,1.42
~~du,~dy,3.14
~~duis,~~d8i,3.59
~~duit,~~duit,18.720000000000002
~~dy,~~~di,13.47
~~dé,~~de,42.00000000000001
~~dée,~de,8.65
~~dées,~~de,1.29
~~dés,~~de,9.47
~~el,~~El,26.74
~~els,~~El,3.83
~~fa,~fa,13.5
~~fais,~~fE,10.84
~~fait,~~fE,14.750000000000002
~~fant,~f@,292.24
~~fard,~~faR,6.06
~~faut,~~fo,11.24
~~fe,~~fe,1.33
~~fect,~fEkt,2.29
~~fend,~~f@,7.0
~~fer,~fER,86.02
~~fers,~fER,2.85
~~fert,~fER,34.01
~~fet,~fE,99.17
~~fets,~fE,17.58
~~fi,~~fi,24.69
~~fia,~~fia,11.389999999999999
~~fie,~~fi,16.31
~~fier,~~fje,11.1
~~fiez,~~fje,4.2
~~fin,~f5,265.84999999999997
~~fis,~~fi,2.2
~~fié,~~fje,1.41
~~fler,~~fle,2.77
~~flet,~~flE,5.63
~~flé,~~fle,2.7199999999999998
~~fo,~fo,7.66
~~fort,~fOR,23.26
~~fos,~fo,18.78
~~foui,~fwi,1.51
~~frez,~fRe,5.5
~~frir,~fRiR,52.06
~~frit,~~frit,1.55
~~froi,~~fRwa,2.83
~~fu,~~fy,31.35
~~fui,~f8i,14.79
~~fuie,~f8i,8.71
~~fuir,~f8iR,20.81
~~fuis,~f8i,6.83
~~fuit,~~fuit,6.31
~~funt,~~f1,7.37
~~fus,~~fy,9.02
~~fé,~~fe,173.01000000000002
~~fés,~~fe,6.0
~~fût,~fy,1.36
~~ga,~ga,24.2
~~gaie,~~gE,1.33
~~gal,~~gal,11.98
~~gard,~~gaR,52.39
~~gaud,~~go,1.81
~~ge,~~ge,2.13
~~gent,~~Z@,551.9699999999999
~~geon,~~Z§,8.56
~~ger,~~ger,64.37
~~gers,~~gers,2.5799999999999996
~~geur,~~Z9R,1.73
~~gez,~~Ze,8.24
~~gi,~~Zi,1.57
~~gie,~~Zi,29.590000000000003
~~gies,~~Zi,1.6199999999999999
~~gin,~~gin,9.41
~~gins,~Z5,1.84
~~gion,~~Zj§,29.97
~~gis,~~Zi,3.24
~~git,~~Zi,1.93
~~gler,~~gle,42.34
~~glez,~~gle,3.06
~~glo,~~glo,5.99
~~glé,~~gle,23.46
~~glée,~~gle,3.4800000000000004
~~gna,~~Na,1.5100000000000002
~~gnac,~~Nak,11.69
~~gnal,~~Nal,33.98
~~gner,~~Ne,135.51
~~gnez,~~Ne,25.5
~~gnon,~~N§,69.52
~~gné,~~Ne,130.74000000000004
~~gnée,~~Ne,13.85
~~gnés,~~Ne,2.95
~~go,~~go,18.58
~~gon,~~g§,7.62
~~gons,~~g§,3.84
~~got,~~go,6.330000000000001
~~gots,~~go,7.51
~~goût,~~gu,9.36
~~grat,~gRa,4.84
~~gret,~~gRE,7.26
~~gri,~gRi,1.4
~~gro,~~gRo,4.71
~~gros,~~gRo,1.38
~~gré,~~gRe,8.04
~~grés,~~gRe,13.37
~~gu,~gy,2.09
~~guer,~~ge,2.6799999999999997
~~gueu,~~g2,3.1
~~guin,~~g5,3.09
~~gué,~~ge,4.029999999999999
~~guë,~gy,2.75
~~gâts,~~ga,13.27
~~gé,~~Ze,35.849999999999994
~~gée,~~Ze,3.8499999999999996
~~gés,~~Ze,3.5399999999999996
~~hib,~~ib,1.61
~~hier,~~jER,5.04
~~hors,~~OR,228.58999999999997
~~hut,~~y,1.5
~~ja,~~Za,9.629999999999999
~~ject,~~ZEkt,1.4
~~jet,~~jet,140.06
~~jets,~~ZE,32.35
~~jeu,~Z2,3.52
~~jeur,~~Z9R,4.71
~~jeux,~Z2,1.16
~~jo,~~Zo,3.33
~~jor,~~ZOR,16.45
~~jou,~~Zu,8.54
~~joue,~~Zu,1.58
~~jour,~~ZuR,15.7
~~joux,~~Zu,20.64
~~joué,~~Zwe,1.18
~~ju,~~Zy,1.73
~~jà,~~Za,692.73
~~ker,~~kER,14.059999999999999
~~ki,~~ki,4.31
~~ké,~~ke,2.55
~~la,~~la,503.52
~~lai,~~lE,17.33
~~laie,~~lE,2.29
~~lain,~~l5,14.559999999999999
~~lais,~lE,108.69
~~lait,~lE,132.04999999999998
~~lam,~~lam,2.84
~~lan,~~l@,5.84
~~lant,~~l@,33.89
~~las,~las,24.26
~~laud,~~lo,79.91
~~lax,~~laks,13.92
~~laxe,~~laks,4.21
~~laye,~~lEj,1.03
~~le,~~le,27.4
~~leil,~~lEj,120.72
~~lent,~~l@,33.38
~~ler,~~ler,834.1
~~let,~~let,32.230000000000004
~~lets,~~lE,12.570000000000002
~~leur,~~l9R,80.69
~~leux,~~l2,1.1600000000000001
~~lex,~~lEks,1.76
~~lez,~le,1414.8799999999999
~~li,~~li,108.56000000000004
~~lie,~~li,158.51999999999998
~~lief,~~ljEf,1.11
~~lier,~~lje,9.57
~~lies,~~li,24.56
~~lieu,~~lj2,68.71
~~liez,~lje,16.49
~~lin,~~l5,57.910000000000004
~~lins,~~l5,8.36
~~lio,~~ljo,1.1
~~lir,~~liR,7.7299999999999995
~~lis,~~li,23.76
~~lit,~~li,12.85
~~lits,~~li,2.17
~~lium,~ljOm,1.01
~~lié,~lje,3.58
~~liée,~lje,1.8399999999999999
~~liés,~lje,9.5
~~lo,~~lo,53.0
~~loir,~~lwaR,4.72
~~lon,~~l§,133.66
~~lons,~l§,500.21
~~loon,~~lun,4.65
~~lop,~~lop,3.56
~~lord,~~lOR,2.66
~~los,~~lo,22.190000000000005
~~lot,~~lo,11.249999999999998
~~lou,~~lu,1.79
~~loux,~~lu,34.86
~~lu,~ly,9.06
~~lue,~~ly,18.21
~~luer,~~l8e,12.16
~~lues,~~ly,1.22
~~lui,~~l8i,250.15
~~lut,~~ly,481.02000000000004
~~lué,~~l8e,2.62
~~là,~la,5.58
~~lé,~~le,229.24
~~lée,~le,63.13
~~lées,~~le,6.210000000000001
~~lés,~le,26.67
~~lô,~lo,116.05
~~ma,~~ma,18.860000000000003
~~mac,~mak,1.63
~~main,~~m5,482.30999999999995
~~mais,~~mE,1362.03
~~mait,~mE,49.57
~~man,~~man,556.32
~~mans,~~m@,9.65
~~mant,~m@,5.590000000000001
~~mard,~maR,3.79
~~mas,~~ma,2.4499999999999997
~~me,~~me,70.46000000000001
~~meau,~~mo,4.07
~~men,~mEn,2.05
~~ment,~~m@,422.08
~~mer,~~mer,90.72
~~met,~~mE,15.670000000000002
~~mets,~~mE,34.91
~~meur,~m9R,29.8
~~meux,~~m2,12.82
~~mez,~me,62.29
~~mi,~~mi,67.93
~~mie,~~mi,37.29
~~mier,~~mje,17.03
~~mies,~~mi,1.21
~~miez,~mje,6.92
~~min,~~m5,72.88
~~ming,~~ming,3.58
~~mins,~~m5,23.47
~~mion,~~mj§,50.06
~~mir,~~miR,16.13
~~mis,~~mi,33.71
~~mit,~~mi,7.24
~~mo,~~mo,13.640000000000002
~~moin,~~mw5,49.35
~~mon,~~m§,40.34
~~mons,~~mons,22.3
~~mos,~mo,3.2800000000000002
~~mour,~muR,17.22
~~mous,~~mu,1.49
~~mu,~~my,1.8900000000000001
~~mue,~~my,8.520000000000001
~~muer,~~muer,6.38
~~mues,~~my,1.15
~~mur,~~myR,1.42
~~mué,~~m8e,1.68
~~mé,~~me,249.49
~~mée,~~me,126.62000000000003
~~mées,~~me,12.869999999999996
~~més,~~me,15.0
~~na,~~na,66.22000000000001
~~nais,~~nE,36.06
~~nait,~~nE,76.22000000000001
~~nal,~~nal,37.46000000000001
~~nant,~~n@,34.12
~~nar,~~naR,1.8800000000000001
~~nard,~~naR,21.04
~~nars,~~naR,1.5799999999999998
~~nas,~~na,13.389999999999999
~~nat,~~na,1.38
~~naux,~~no,3.65
~~ne,~~ne,65.7
~~neau,~no,17.59
~~ner,~~ner,167.59999999999997
~~ners,~~ners,3.72
~~net,~~nE,2.22
~~neur,~~n9R,10.48
~~nexe,~nEks,2.16
~~ney,~~nE,3.7
~~neys,~~nE,1.1
~~nez,~~ne,412.41999999999996
~~ni,~~ni,369.53000000000003
~~nial,~~njal,115.27
~~nic,~~nik,2.39
~~nie,~~ni,82.14
~~nier,~~nier,19.73
~~nies,~~ni,9.88
~~niez,~~nje,12.399999999999999
~~nif,~~nif,4.24
~~nin,~~n5,4.8100000000000005
~~nior,~~njOR,5.02
~~nir,~~niR,562.86
~~nis,~~ni,40.75
~~nit,~~ni,33.37
~~nié,~~nje,1.38
~~no,~no,7.25
~~noir,~~nwaR,5.87
~~nois,~~nwa,6.11
~~nom,~~n§,1.15
~~non,~~n§,187.87
~~nons,~~n§,37.16
~~nor,~~nOR,1.01
~~not,~~no,4.3500000000000005
~~nots,~~no,1.28
~~nou,~~nu,17.89
~~noux,~~nu,42.82
~~nu,~~ny,299.2
~~nue,~~ny,135.56
~~nuel,~~n8El,8.66
~~nues,~~ny,11.209999999999999
~~nui,~n8i,14.76
~~nuie,~n8i,34.04
~~nuis,~n8i,61.89
~~nuit,~~nuit,38.47
~~nus,~~ny,63.120000000000005
~~nué,~~n8e,1.19
~~nyon,~~nyon,4.18
~~né,~~ne,112.29
~~née,~ne,133.93999999999997
~~nées,~ne,186.73000000000002
~~nés,~~ne,5.93
~~nêt,~~nE,1.5499999999999998
~~okie,~~okie,3.08
~~pa,~~pa,274.67999999999995
~~pact,~pakt,8.36
~~pain,~~p5,61.14
~~pait,~~pE,1.8900000000000001
~~pand,~~p@,4.14
~~pars,~~paR,6.61
~~part,~~paR,76.05
~~pas,~~pa,49.78
~~pe,~~pe,149.04999999999998
~~peau,~~po,1.9400000000000002
~~pec,~pEk,1.06
~~pect,~~pEkt,9.88
~~pel,~pEl,80.88
~~pels,~pEl,19.3
~~pend,~~p@,48.3
~~pens,~~p@,4.66
~~pent,~~p@,1.13
~~per,~~pER,226.31
~~pert,~~pER,16.099999999999998
~~pet,~~pE,4.25
~~peur,~~p9R,6.92
~~pez,~~pe,3.68
~~pha,~~fa,2.09
~~phon,~~f§,1.15
~~phus,~~fys,1.74
~~pi,~~pi,27.290000000000003
~~pie,~~pi,18.269999999999996
~~pier,~~pje,59.39
~~pies,~~pi,8.94
~~pin,~~p5,40.519999999999996
~~pins,~~p5,15.409999999999998
~~pion,~~pj§,13.31
~~pis,~~pi,21.24
~~pit,~~pi,9.74
~~pié,~~pje,2.17
~~pli,~pli,2.02
~~plie,~~pli,1.69
~~plit,~pli,2.25
~~ploi,~~plwa,25.96
~~plu,~~ply,1.23
~~po,~~po,16.279999999999994
~~poir,~~pwaR,57.62
~~pon,~~p§,5.23
~~pond,~~p§,27.42
~~pons,~~p§,1.81
~~port,~pOR,1.95
~~pos,~~po,42.46
~~pot,~~po,3.13
~~poux,~~pu,1.54
~~pris,~pRi,121.67
~~prit,~~pRi,132.22
~~près,~pRE,30.15
~~pu,~~py,10.57
~~pui,~p8i,7.83
~~puie,~p8i,14.57
~~puis,~~p8i,631.14
~~pur,~pyR,1.44
~~pus,~~pus,1.28
~~py,~~pi,6.76
~~pât,~pa,5.97
~~pé,~~pe,40.72
~~pée,~~pe,2.6799999999999997
~~pés,~~pe,1.6700000000000004
~~pôt,~~po,11.9
~~pôts,~po,12.47
~~quel,~~kEl,66.67
~~quer,~~ke,32.41
~~quet,~~kE,41.529999999999994
~~quez,~~ke,9.24
~~quin,~~k5,15.91
~~quis,~ki,4.68
~~quit,~~quit,1.4
~~qué,~~ke,23.009999999999998
~~quée,~~ke,5.37
~~qués,~~ke,1.9900000000000004
~~ra,~~Ra,872.0799999999999
~~rai,~~RE,401.99
~~rail,~~Raj,2.02
~~rais,~RE,429.04
~~rait,~~RE,668.86
~~ral,~~Ral,16.650000000000002
~~ran,~~R@,8.28
~~rans,~~R@,1.6300000000000001
~~rant,~~R@,50.179999999999986
~~ras,~~ras,175.34999999999997
~~rats,~~Ra,1.33
~~raux,~~Ro,2.1599999999999997
~~rax,~~Raks,4.67
~~raît,~~RE,81.22
~~re,~~re,30.790000000000006
~~reau,~~Ro,156.73000000000002
~~rect,~~REkt,30.1
~~reil,~~REj,106.71000000000001
~~rein,~~R5,3.4099999999999997
~~rem,~REm,1.6
~~reng,~R@,1.9
~~rent,~~R@,12.389999999999999
~~rer,~~rer,196.8
~~ret,~~RE,4.33
~~rets,~~RE,1.04
~~reur,~R9R,101.33
~~reux,~~R2,1.78
~~rez,~~Re,185.39
~~ri,~~Ri,485.48
~~ria,~~ria,20.830000000000002
~~rian,~~rian,2.21
~~rie,~~Ri,112.57000000000001
~~rien,~~Rj5,1.32
~~rier,~~rier,74.66999999999999
~~ries,~~Ri,12.239999999999998
~~riez,~~riez,67.61
~~rif,~~Rif,4.72
~~ril,~~Ril,10.940000000000001
~~rils,~~rils,2.8000000000000003
~~rin,~~R5,15.940000000000003
~~rins,~~R5,7.12
~~rir,~~RiR,5.03
~~ris,~~Ri,22.410000000000004
~~rit,~~Ri,1.6800000000000002
~~rié,~~rié,68.98
~~riée,~~Rje,58.910000000000004
~~riés,~~Rje,39.26
~~ro,~~Ro,39.52
~~roi,~~Rwa,3.01
~~roir,~~RwaR,37.07
~~rois,~~Rwa,1.87
~~ron,~~R§,17.310000000000006
~~rons,~~R§,73.38999999999999
~~ront,~~R§,126.35
~~rop,~~rop,5.7
~~ros,~Ro,75.16
~~rou,~~Ru,1.02
~~ru,~~Ry,6.15
~~rue,~~Ry,3.8499999999999996
~~rum,~~rum,5.14
~~rus,~~rus,23.990000000000002
~~rut,~~rut,1.48
~~ry,~~Ri,19.22
~~ré,~~Re,183.25000000000003
~~rée,~~Re,47.19000000000001
~~rées,~~Re,6.55
~~rés,~~Re,27.440000000000005
~~rê,~~rê,82.23
~~rêt,~RE,46.8
~~rêts,~~RE,5.37
~~rô,~Ro,1.01
~~sa,~~sa,11.949999999999998
~~sai,~~sai,20.31
~~saie,~sE,168.04
~~sais,~~sais,107.63
~~sait,~~sait,106.66999999999999
~~sant,~~sant,38.43
~~sard,~~sard,46.98
~~sas,~~sas,1.36
~~saut,~so,11.23
~~saye,~sEj,56.84
~~se,~~se,4.13
~~seau,~~seau,60.650000000000006
~~sent,~~s@,10.280000000000001
~~ser,~~ser,105.76
~~sers,~~sers,3.51
~~sert,~~sert,29.169999999999998
~~seur,~~seur,3.31
~~sez,~se,407.75
~~sher,~~SER,1.1600000000000001
~~shi,~~Si,2.0399999999999996
~~si,~~si,19.75
~~sie,~~sie,2.7800000000000002
~~sied,~sje,4.74
~~sier,~~sier,17.31
~~siez,~~siez,22.21
~~sil,~~sil,36.52
~~sils,~~sils,12.1
~~sion,~~sion,33.94
~~sis,~si,69.30000000000001
~~so,~~so,399.24999999999994
~~soie,~swa,1.14
~~soin,~~soin,758.04
~~soir,~~soir,8.98
~~sois,~swa,4.94
~~soit,~swa,3.31
~~son,~~son,3.18
~~sons,~~sons,50.28
~~sos,~~sos,10.29
~~sou,~~sou,13.99
~~sous,~~sous,5.44
~~sout,~~sout,3.38
~~su,~sy,16.970000000000002
~~sue,~sy,15.29
~~suel,~~suel,4.38
~~sues,~sy,3.08
~~suie,~s8i,4.1
~~sus,~~sus,8.19
~~sé,~~sé,55.82000000000001
~~sée,~~sée,43.149999999999984
~~sées,~~sées,10.11
~~sés,~~sés,5.29
~~ta,~~ta,20.0
~~tact,~takt,6.21
~~tail,~~taj,29.509999999999998
~~tain,~~t5,287.83
~~tais,~~tE,2.9399999999999995
~~tait,~~tE,3.7599999999999993
~~tal,~~tal,39.269999999999996
~~tals,~~tal,1.3299999999999998
~~tan,~~t@,3.52
~~tans,~~t@,4.12
~~tant,~t@,152.29
~~tard,~~taR,146.94
~~taux,~~to,5.25
~~te,~~te,41.46999999999999
~~teau,~~to,153.72
~~teil,~~tEj,4.04
~~tel,~tEl,116.38000000000001
~~tels,~tEl,7.6000000000000005
~~tem,~~tEm,1.27
~~tend,~t@,215.63000000000002
~~ter,~~ter,163.38
~~ters,~~ters,1.46
~~teur,~~t9R,63.31
~~teux,~~t2,6.929999999999999
~~tex,~~tex,1.65
~~tez,~~te,34.22
~~tho,~~to,1.94
~~thon,~~t§,2.21
~~ti,~~ti,46.17
~~tie,~~ti,3.2
~~tier,~~tje,53.709999999999994
~~ties,~~ti,2.1399999999999992
~~tif,~~tif,17.810000000000002
~~til,~~til,3.63
~~tils,~ti,10.56
~~tin,~~t5,288.72999999999996
~~tins,~~t5,16.709999999999997
~~tint,~~t5,1.0899999999999999
~~tio,~~tjo,2.02
~~tion,~~tion,95.95
~~tir,~~tiR,9.47
~~tis,~~tis,2.25
~~tit,~~ti,719.2499999999999
~~tits,~~ti,125.81
~~tié,~~tje,76.38
~~to,~~to,31.960000000000004
~~toie,~~twa,1.69
~~tois,~~twa,1.92
~~ton,~~t§,37.89
~~tons,~~t§,23.970000000000002
~~tos,~~tos,5.72
~~tou,~~tu,1.5
~~tour,~~tuR,143.45000000000002
~~toué,~~twe,2.3
~~tra,~~tRa,10.66
~~tras,~~tRa,1.04
~~trer,~tRe,160.13
~~trez,~tRe,104.85
~~trie,~~tRi,23.59
~~trin,~~tR5,10.82
~~tro,~~tRo,19.580000000000002
~~tron,~~tR§,132.02
~~trui,~tR8i,6.56
~~trus,~tRy,4.93
~~tré,~tRe,37.370000000000005
~~trée,~tRe,57.269999999999996
~~trés,~tRe,8.83
~~tu,~~ty,13.520000000000001
~~tue,~~ty,7.250000000000001
~~tuel,~~t8El,15.04
~~tuer,~~t8e,1.17
~~tur,~~tyR,35.14
~~turs,~~tyR,4.39
~~tus,~~ty,2.46
~~tué,~~t8e,3.1100000000000003
~~tuée,~~t8e,2.42
~~té,~~te,427.38000000000005
~~tée,~~te,29.16
~~tées,~~te,3.7699999999999996
~~tés,~~te,51.90999999999999
~~tê,~~tê,1.1099999999999999
~~tôt,~~to,3.59
~~va,~~va,14.319999999999997
~~vais,~~vE,343.82
~~vait,~~vE,223.93
~~val,~~val,5.220000000000001
~~van,~~v@,4.89
~~vant,~~v@,380.24000000000007
~~vard,~~vaR,3.5500000000000003
~~vaux,~~vo,1.17
~~ve,~~ve,160.05
~~veau,~~vo,47.45
~~veil,~~vEj,18.16
~~vel,~~vEl,1.36
~~ver,~~ver,102.42
~~vers,~vER,52.050000000000004
~~vert,~vER,70.02
~~vet,~~vE,4.0
~~vets,~~vE,2.3400000000000003
~~veu,~~v2,22.9
~~veur,~~v9R,39.95
~~veux,~~v2,3.6100000000000003
~~vez,~~ve,628.0500000000001
~~vi,~~vi,59.52
~~viar,~~vjaR,6.29
~~vie,~vi,223.12
~~vier,~~vje,4.23
~~vies,~vi,3.54
~~viez,~~vje,49.879999999999995
~~vil,~~vil,11.559999999999999
~~vils,~~vil,11.370000000000001
~~vin,~~v5,16.19
~~vins,~~v5,3.38
~~vint,~~v5,10.4
~~vir,~~viR,2.83
~~vis,~~vi,6.77
~~vit,~~vi,3.63
~~vo,~~vo,12.53
~~voi,~vwa,3.47
~~voie,~vwa,98.92
~~voir,~~vwaR,914.04
~~vois,~~vwa,10.33
~~voit,~~vwa,5.92
~~vol,~vOl,2.48
~~von,~~v§,15.65
~~vons,~~v§,195.08
~~vot,~~vo,2.1999999999999997
~~voué,~~vwe,4.5600000000000005
~~vra,~~vRa,30.45
~~vrai,~~vRE,15.58
~~vras,~~vRa,19.0
~~vrer,~~vRe,21.550000000000004
~~vret,~~vRE,3.1
~~vrez,~vRe,64.17
~~vrir,~vRiR,79.61
~~vrit,~vRi,2.54
~~vré,~~vRe,28.66
~~vrée,~~vRe,11.3
~~vrés,~~vRe,3.58
~~vu,~~vy,14.72
~~vue,~~vy,13.96
~~vues,~~vy,2.68
~~vus,~~vy,2.09
~~vé,~~ve,70.92999999999999
~~vée,~~ve,14.260000000000002
~~vées,~~ve,1.42
~~vés,~~ve,4.4399999999999995
~~vê,~~vE,1.48
~~zar,~~zaR,8.18
~~zard,~~zaR,4.9
~~zi,~~zi,10.09
~~zie,~~zi,1.96
~~zis,~~zis,12.05
~~zon,~~z§,3.58
~~zout,~~zout,1.42
~~zut,~~zut,2.05
~~çois,~~swa,20.93
~~çoit,~~swa,16.080000000000002
~~çon,~~s§,246.21999999999997
~~çons,~~s§,30.620000000000005
~~çu,~~sy,119.74000000000001
~~çue,~~sy,11.57
~~çues,~~sy,1.69
~~çus,~~sy,7.720000000000001
~~çut,~~sy,1.8800000000000001
~bat,~ba,15.77
~bats,~ba,2.72
~bli,~bli,43.15
~bo,~bo,2.7700000000000005
~boie,~bwa,2.91
~bor,~bOR,1.55
~bou,~bu,1.29
~bout,~bu,5.94
~bri,~bRi,23.2
~bris,~bRi,3.2
~bru,~bRy,26.119999999999997
~bu,~by,13.459999999999997
~bus,~by,9.879999999999999
~bî,~bi,11.709999999999999
~car,~kaR,3.83
~cart,~kaR,14.36
~chao,~kao,2.25
~chat,~chat,5.2
~chats,~Sa,4.55
~che,~che,76.27000000000001
~chec,~SEk,15.47
~checs,~SEk,8.84
~cho,~cho,5.83
~choue,~Su,4.62
~choué,~Swe,15.44
~ci,~si,2411.79
~cier,~sje,13.85
~cla,~kla,8.5
~clair,~klER,10.25
~clat,~kla,9.73
~clats,~kla,4.55
~co,~ko,2.5100000000000002
~cou,~ku,25.029999999999998
~cra,~kRa,12.09
~cran,~kR@,19.78
~crans,~kR@,3.91
~cri,~kRi,1.77
~cris,~kRi,38.24
~crit,~kRi,141.73000000000002
~crits,~kRi,6.14
~cu,~ky,6.800000000000001
~cus,~ky,1.11
~dap,~dap,3.17
~dem,~dEm,1.86
~deur,~d9R,47.19
~deurs,~d9R,2.38
~di,~di,1.05
~dieu,~dj2,76.56
~dieux,~dj2,13.79
~diot,~djo,106.0
~diots,~djo,19.21
~do,~do,33.269999999999996
~dop,~dOp,4.48
~dos,~do,3.5799999999999996
~droit,~dRwa,1.13
~du,~dy,2.17
~déa,~dea,5.32
~dée,~de,330.39
~dées,~de,59.38
~fro,~fRo,1.21
~ga,~ga,15.290000000000001
~gal,~gal,30.799999999999997
~gard,~gaR,6.77
~gaux,~go,5.4399999999999995
~gen,~gen,5.69
~gent,~Z@,92.42
~gents,~Z@,25.0
~gi,~Zi,28.69
~gir,~ZiR,37.48
~gis,~Zi,6.61
~git,~Zi,105.02
~gneau,~No,13.01
~gno,~gno,3.99
~go,~go,8.66
~gor,~gOR,1.14
~gout,~gu,3.23
~gouts,~gu,3.78
~gé,~Ze,8.13
~gée,~Ze,7.75
~gées,~Ze,1.91
~gés,~Ze,2.48
~hu,~y,1.1
~hé,~e,5.24
~jec,~ZEk,1.42
~jou,~Zu,4.989999999999999
~la,~la,1.36
~lan,~l@,4.94
~lans,~l@,1.05
~laxon,~laks§,4.89
~le,~le,60.28
~li,~li,12.999999999999998
~lias,~lias,5.45
~lis,~li,2.0
~lors,~lOR,1777.65
~lu,~ly,11.990000000000002
~lue,~ly,3.72
~lus,~ly,2.3200000000000003
~lé,~le,2.48
~ma,~ma,2.4599999999999995
~mam,~mam,1.11
~mant,~m@,23.28
~mants,~m@,11.75
~mas,~ma,2.49
~me,~m,81.7
~men,~mEn,22.96
~mer,~mER,6.59
~mers,~mER,1.25
~met,~mE,1.98
~meut,~m2,1.22
~mi,~mi,443.46999999999986
~mie,~mi,120.63000000000001
~mies,~mi,26.45
~mis,~mi,290.26
~mo,~mo,3.9099999999999997
~moi,~mwa,1.41
~mont,~m§,1.41
~mour,~muR,450.46
~mours,~muR,7.81
~mu,~my,80.1
~mue,~my,3.79
~mé,~me,1.3
~na,~na,6.93
~nal,~nal,1.43
~ner,~nER,9.42
~ni,~ni,98.84
~nie,~ni,2.15
~nies,~ni,4.11
~nion,~nj§,18.1
~nions,~nj§,1.04
~nir,~niR,5.84
~nis,~ni,11.489999999999998
~nit,~ni,2.72
~nus,~nus,1.63
~né,~ne,1.34
~pa,~pa,2.48
~pai,~pe,1.08
~pais,~pE,6.16
~pe,~pe,2.4499999999999997
~pen,~pen,2.16
~per,~pER,10.549999999999999
~pi,~pi,5.820000000000001
~pie,~pi,1.3
~pier,~pje,1.53
~pium,~pjOm,3.95
~plomb,~pl§,1.61
~po,~po,2.53
~pou,~pu,18.97
~poux,~pu,19.57
~pris,~pRi,1.6400000000000001
~près,~pRE,787.5999999999999
~pui,~p8i,13.399999999999999
~pé,~pe,42.95000000000001
~pée,~pe,29.34
~pées,~pe,3.48
~qui,~ki,3.48
~ra,~Ra,150.87000000000003
~rai,~RE,71.96
~rais,~RE,20.14
~rait,~RE,22.44
~ral,~Ral,2.1
~ras,~ras,24.939999999999998
~rez,~Re,14.29
~ri,~Ri,3.08
~riez,~riez,2.02
~rions,~Rj§,1.1
~ris,~ris,4.26
~ro,~Ro,6.069999999999999
~rons,~R§,15.36
~ront,~R§,7.43
~ru,~Ry,1.48
~sa,~sa,1.3
~sais,~sais,2.75
~sait,~sait,1.99
~sant,~sant,1.03
~se,~se,5.409999999999999
~ser,~ser,6.76
~sez,~sez,11.170000000000002
~so,~so,20.26
~sé,~sé,15.499999999999998
~sée,~sée,1.98
~sées,~sées,1.28
~sés,~sés,1.58
~ta,~ta,18.930000000000003
~tain,~t5,1.08
~tais,~tE,834.44
~tait,~tE,2707.72
~tang,~t@,6.57
~tant,~t@,34.58
~tat,~ta,136.81
~tats,~ta,8.91
~teins,~t5,10.44
~teint,~t5,17.53
~ten,~t@,4.21
~tend,~t@,4.98
~ter,~ter,5.57
~tez,~te,1.3
~ther,~tER,1.43
~thée,~te,2.65
~ti,~ti,1.52
~tiez,~tje,138.01
~tions,~tj§,58.09
~to,~to,1.18
~ton,~t§,5.87
~tout,~tu,3.66
~touts,~tu,2.08
~troit,~tRwa,5.94
~tu,~ty,29.020000000000003
~tui,~t8i,2.37
~té,~te,1133.96
~tés,~te,5.52
~va,~va,45.870000000000005
~vais,~vE,785.36
~vait,~vE,992.3499999999999
~val,~val,2.08
~van,~v@,9.31
~vant,~v@,785.63
~ve,~ve,86.49
~vec,~vEk,3704.89
~veil,~vEj,1.64
~ver,~vER,6.8999999999999995
~veu,~v2,5.86
~veux,~v2,5.29
~vez,~ve,1784.25
~vi,~vi,70.25
~vier,~vje,3.81
~viez,~vje,94.94
~vion,~vj§,105.54
~vions,~vj§,63.080000000000005
~vis,~vi,139.22
~vo,~vo,96.95
~voir,~vwaR,1081.15
~vons,~v§,529.49
~vor,~vOR,1.1400000000000001
~voue,~vu,24.48
~vouer,~vwe,18.28
~voues,~vu,1.23
~voué,~vwe,10.08
~vril,~vRil,11.23
~vé,~ve,3.81
~zur,~zyR,3.28
a,a,27227.490000000005
ab,ab,22.639999999999997
ac,ac,801.6699999999996
ad,ad,26.55
af,af,11.1
ah,a,576.53
ai,ai,7727.380000000002
aie,E,90.37
aient,E,20.86
aies,E,39.71
ail,aj,9.14
ain,5,207.68
air,ER,473.94
airs,ER,11.68
ais,ais,10.14
ait,ait,173.42000000000002
al,al,3415.0900000000006
am,am,4.829999999999999
an,@,351.68
ans,@,718.17
aor,aor,1.16
août,août,12.65
ap,ap,428.97
ar,aR,696.0699999999996
arc,aRk,4.52
art,aR,65.93
arts,aR,6.86
as,a,3934.1900000000005
at,a,183.06
au,o,5751.760000000001
aus,o,1402.33
aux,o,835.65
axe,aks,3.04
aî,aî,15.190000000000001
aïe,aj,18.25
b,be,31.78
ba,ba,187.70999999999998
bac,bak,9.03
bah,ba,22.77
bai,bai,109.27000000000001
baie,bE,6.17
baies,bE,1.5
bail,baj,11.49
bain,b5,50.52
bains,b5,23.96
bais,bais,5.7
bal,bal,38.6
bals,bal,1.67
bam,bam,2.19
ban,b@,18.550000000000004
banc,b@,8.96
bancs,b@,1.81
bang,b@g,3.76
bar,baR,78.61999999999998
bars,baR,7.39
bas,ba,176.92999999999998
bat,ba,81.14000000000003
bats,ba,13.72
be,be,760.36
beat,bit,1.34
beau,bo,378.72
beaux,bo,57.2
bec,bEk,6.76
bel,bEl,31.35
ben,ben,80.43
ber,bER,14.62
berk,bERk,1.35
beuh,b2,1.06
beurk,b9Rk,4.01
bey,bE,2.06
bi,bi,86.96
biais,bjE,1.6400000000000001
bien,bj5,4337.679999999999
biens,bj5,16.99
bil,bil,42.15
bin,bin,9.08
bing,bing,1.81
bio,bjo,3.3
bip,bip,6.94
bis,bis,2.08
bit,bit,1.04
bla,bla,3.0
blanc,bl@,81.49
blancs,bl@,36.769999999999996
bled,blEd,5.55
bles,bles,70.67
bleu,bl2,51.23
bleue,bl2,21.63
bleues,bl2,4.77
bleus,bl2,19.17
blin,bl5,2.7399999999999998
blo,blo,14.47
bloc,blOk,14.25
blocs,blOk,3.03
blond,bl§,12.34
blot,blo,1.04
blues,bluz,7.81
bluff,bl9f,3.0
blâ,bla,5.09
blé,ble,19.07
bo,bo,14.359999999999998
boeuf,b9f,9.02
bof,bOf,4.7
boi,bwa,9.059999999999999
bois,bwa,153.19
boit,bwa,25.63
bol,bOl,16.97
bon,bon,1546.5599999999997
bond,b§,3.44
bons,b§,80.17
boo,bu,2.19
book,buk,1.5
books,books,1.39
boom,bum,2.81
bor,bOR,105.37000000000005
bord,bOR,77.06
bos,bo,43.93
boss,bOs,13.45
bot,bo,11.2
bou,bu,362.14
bouc,buk,7.92
boue,bu,15.09
boueux,bw2,1.25
bouf,bouf,7.53
boum,bum,12.0
bour,buR,15.76
bourg,buR,1.48
bout,bu,123.9
bouts,bu,7.21
bouée,bouée,1.3
box,bOks,2.48
boxe,bOks,9.83
boy,bOj,8.36
boys,boys,4.46
bra,bRa,65.49000000000001
bran,bR@,4.75
bras,bRa,149.45999999999998
bre,bre,7.329999999999999
break,bREk,6.91
bref,bREf,32.7
bri,bRi,50.330000000000005
brin,bR5,4.95
bro,bRo,2.46
bron,bR§,2.62
bros,bRo,1.23
bru,bRy,6.92
bruit,bR8i,79.19
bruits,bR8i,15.18
brun,bR1,5.5600000000000005
bruns,bR1,2.89
brut,bRyt,1.95
brû,bRy,64.97999999999999
bu,by,298.87000000000006
bud,byd,10.54
buf,buf,6.63
bun,bun,3.89
bur,bur,1.33
bus,bus,50.63
but,but,73.8
buts,buts,4.63
by,bi,12.49
bye,baj,23.11
bâ,ba,50.07
bé,be,249.65999999999997
bê,bE,4.33
bû,by,3.6
c,c,114.63
ca,ca,703.0499999999995
cac,kak,2.86
cad,cad,2.16
cal,kal,76.32000000000001
cam,cam,10.71
camp,camp,105.92
camps,k@,9.01
can,k@,23.45
cap,kap,25.29
car,kaR,283.93999999999994
cas,ka,399.00000000000006
cau,ko,34.89
ce,ce,7958.35
cen,cen,61.76
cent,s@,54.81999999999999
cents,s@,27.67
cer,sER,6.999999999999999
cerf,sER,6.17
ces,se,1249.6000000000001
cet,cet,499.91
ceux,s2,202.02
cha,Sa,105.14999999999999
chair,SER,37.73
chairs,SER,1.07
champ,S@,38.05
champs,S@,19.14
chan,S@,127.86000000000001
chant,S@,17.64
chants,S@,8.26
char,SaR,39.06
chars,SaR,3.27
chas,Sa,8.530000000000001
chat,chat,57.71
chats,Sa,16.0
chaud,So,101.36
chaux,So,1.32
che,che,210.25000000000003
chef,SEf,189.79
cher,SER,165.40999999999997
chers,SER,28.61
chez,Se,842.18
chi,Si,12.669999999999998
chiais,SjE,1.3
chiant,Sj@,9.600000000000001
chic,Sik,21.82
chics,Sik,1.99
chie,Si,4.46
chien,Sj5,158.77
chiens,Sj5,50.769999999999996
chier,Sje,53.3
chies,Si,1.22
chiot,Sjo,3.98
chiots,Sjo,1.7
chip,Sip,2.51
chips,chips,6.72
chié,Sje,3.72
cho,So,15.959999999999999
choc,choc,31.52
chocs,SOk,1.41
choeur,choeur,6.39
choi,Swa,61.449999999999996
choix,Swa,113.35
chou,Su,29.2
choux,Su,4.2
chu,Sy,4.5
chut,chut,29.81
châ,Sa,1.29
ché,Se,270.78
ci,si,160.43999999999997
ciel,sjEl,142.22
cieux,sj2,20.05
cils,cils,2.8
cin,s5,23.85
cla,kla,4.8100000000000005
clair,klER,101.15
clairs,klER,6.069999999999999
clan,kl@,7.65
clans,kl@,1.22
clap,klap,1.43
clar,klaR,4.48
clas,kla,3.4399999999999995
clean,klin,4.66
clebs,clebs,2.0
clef,kle,14.61
cler,cler,2.07
cli,kli,12.729999999999997
clic,klik,1.14
clin,kl5,3.63
clip,klip,2.12
clo,klo,4.709999999999999
clos,klo,4.45
clou,klu,8.08
cloue,klu,1.12
clous,klu,6.04
club,club,61.99
clubs,clubs,5.52
clé,kle,68.73
clés,kle,49.4
co,ko,280.7999999999999
coeur,k9R,224.98
coeurs,k9R,15.0
cof,kof,1.72
coif,kwa,1.15
coin,kw5,119.74000000000001
coins,kw5,6.08
col,kol,24.880000000000003
cold,kold,2.01
cols,kOl,1.37
com,k§,77.46000000000001
comp,k§,11.29
con,k§,239.76000000000008
cons,k§,24.81
cor,kOR,26.48
corps,kOR,250.15
cos,cos,3.51
cou,ku,354.28000000000003
coup,ku,389.49
coups,ku,82.33
cour,kuR,72.97
cours,kuR,161.8
court,kuR,51.5
courts,kuR,6.84
coyo,koyo,2.5
coû,ku,27.32
coût,ku,3.58
coûts,ku,1.46
cra,kRa,16.43
crac,kRak,2.85
craie,kRE,5.66
crains,kR5,40.76
craint,kR5,23.43
cran,kR@,13.62
cre,cre,45.42
creu,kR2,3.6100000000000003
creux,kR2,6.15
cri,kRi,20.000000000000004
cric,kRik,1.18
crie,kRi,36.4
crient,kRi,5.35
cries,kRi,5.64
cris,kRi,26.81
cro,kRo,2.51
crocs,kRo,2.53
croi,kRwa,15.47
croie,kRwa,5.43
croies,kRwa,3.1
crois,kRwa,904.45
croit,kRwa,68.72
croix,kRwa,29.1
croît,kRwa,1.21
cru,kRy,109.39999999999999
crue,kRy,7.23
crus,kRy,2.2
cryp,kRip,1.02
cré,kRe,65.13
crée,kRe,13.43
créent,kRe,1.68
créo,kReo,1.08
cu,ky,33.0
cuir,k8iR,14.11
cuit,k8i,11.32
cuits,k8i,3.06
cul,ky,145.85
culs,ky,4.96
cur,cur,1.65
cut,ky,2.36
câ,ka,7.79
cé,se,18.289999999999996
cô,ko,286.90999999999997
d,d,62.71
da,da,23.82
daim,d5,1.41
dam,dam,9.17
dan,dan,162.13000000000002
dans,dans,4658.59
dard,daR,1.3
dat,dat,1.74
de,de,27610.309999999994
dea,di,11.12
deal,dil,8.05
del,dEl,6.859999999999999
den,den,1.31
dent,d@,13.27
dents,d@,60.94
der,dER,4.920000000000001
des,de,6073.63
deu,d2,1.09
deuil,d9j,12.21
deux,d2,1009.01
di,di,780.0199999999998
dia,dja,2.2
dic,dik,8.58
die,di,2.17
dieu,dj2,852.91
dieux,dj2,50.49
din,d5,3.1599999999999993
ding,ding,3.54
dis,di,1025.78
dit,di,2162.9700000000003
dits,di,1.54
dix,dix,118.29
do,do,44.540000000000006
doig,dwa,1.05
doigt,dwa,39.83
doigts,dwa,45.86
dois,dwa,894.69
doit,dwa,655.09
dol,dol,13.89
don,don,624.98
donc,d§k,612.51
dons,d§,8.31
dont,d§,223.42000000000002
dor,dOR,215.29999999999998
dors,dOR,55.03
dort,dOR,55.05
dos,do,100.34
dot,dOt,4.66
dou,du,26.56
doux,du,53.96999999999999
doué,doué,18.12
douée,dwe,12.44
doués,dwe,1.87
dra,dRa,12.85
drap,dRa,3.69
draps,dRa,15.54
dres,dres,4.1899999999999995
dro,dRo,5.96
droit,dRwa,245.41
droits,dRwa,34.26
drop,dROp,1.11
dry,dry,1.02
du,dy,4504.200000000003
duc,dyk,7.66
due,dy,4.98
duel,d8El,6.17
duels,d8El,1.37
dues,dy,1.98
duo,d8o,2.49
dur,dyR,164.67
durs,dyR,16.57
dus,dy,2.0700000000000003
dut,dy,1.91
dès,dE,143.72
dé,de,1864.4499999999985
dées,de,11.82
dés,de,17.63
dî,di,155.04999999999995
dû,dy,369.87
e,2,60.98
eau,o,290.61
eaux,o,15.14
ef,ef,146.35
eh,e,386.0
em,@,39.14
en,@,11198.849999999999
er,er,109.01000000000002
es,E,2560.88
est,est,22736.64
et,e,12909.08
eu,y,686.78
eue,y,17.97
eues,y,3.7999999999999994
euh,2,108.86
eus,y,11.99
eut,y,14.290000000000001
eux,2,295.35
ex,ex,108.6
exac,Egzak,7.55
exam,Egzam,1.01
exau,Egzo,1.21
exer,EgzER,3.82
exi,Egzi,20.11
exis,Egzis,85.86
eût,y,7.81
f,Ef,26.65
fa,fa,306.65999999999997
fac,fak,28.94
fail,faj,43.010000000000005
faim,f5,127.49
fais,fE,1390.92
fait,fE,3166.2
faits,fE,52.41
fal,fal,25.180000000000003
fan,fan,13.27
fans,fans,8.17
far,faR,6.3999999999999995
fard,faR,1.44
fat,fat,3.74
fau,fo,101.05000000000001
faus,fo,1.19
faut,fo,1318.11
faux,fo,104.30999999999999
fax,faks,5.59
fe,fe,652.7700000000001
feint,f5,1.69
fen,fen,3.87
fend,f@,1.2
fer,fER,186.79999999999998
fers,fER,3.42
fes,fes,4.77
feu,f2,237.85000000000002
feux,f2,18.1
fi,fi,669.7500000000002
fian,fj@,24.66
fias,fias,1.95
fie,fi,4.239999999999999
fief,fjEf,3.22
fiel,fjEl,1.36
fier,fier,59.63
fiers,fiers,12.36
fies,fies,2.07
fiez,fje,1.58
fil,fil,78.19
film,film,195.1
fils,fils,480.15
fin,f5,222.44
fins,f5,8.33
fion,fj§,1.75
fis,fis,31.79
fisc,fisk,2.53
fit,fi,20.63
fixe,fiks,15.969999999999999
fixes,fiks,3.06
fla,fla,4.8999999999999995
flair,flER,2.32
flan,fl@,2.3
flanc,fl@,4.01
flancs,fl@,1.56
flat,fla,5.18
fleu,fleu,1.2999999999999998
fleur,fl9R,25.2
fleurs,fl9R,74.56
flic,flik,67.53
flics,flik,85.97
flip,flip,1.79
flirt,fl9Rt,1.98
flo,flo,1.81
flot,flo,5.04
flots,flo,5.62
flou,flu,5.61
floue,flu,2.27
flux,fly,4.07
fo,fo,92.16
foe,foe,3.33
foi,fwa,66.22
foie,fwa,22.27
foies,fwa,1.21
foin,fw5,6.06
fois,fwa,899.25
folk,fOlk,1.3
fon,f§,33.779999999999994
fond,f§,112.44999999999999
font,f§,193.61
foot,fut,24.18
for,fOR,103.55
fort,fOR,211.22
forts,fOR,19.11
fos,fo,4.71
fou,fu,355.07
fouet,fwE,7.92
four,fuR,22.0
fours,fuR,1.48
fous,fu,206.53
fout,fu,51.51
fra,fRa,5.109999999999999
frais,fRE,53.9
fran,fR@,3.87
franc,fR@,14.21
francs,fR@,18.81
frap,frap,46.18
fre,fre,1.22
frei,frei,1.04
frein,fR5,4.87
freins,fR5,5.38
fret,fRE,1.18
fri,fRi,26.630000000000006
fric,fRik,108.99
frit,frit,2.74
frits,fRi,1.32
fritz,fRits,1.72
froc,fROk,6.61
froid,fRwa,127.16000000000001
front,fR§,38.81
fronts,fR§,2.23
frot,fRo,1.29
fruit,fR8i,15.99
fruits,fR8i,23.45
fré,fRe,5.8
frô,fRo,3.0900000000000003
fu,fy,234.92000000000002
fuel,fjul,1.03
fui,f8i,12.149999999999999
fuient,f8i,2.81
fuir,f8iR,30.95
fuis,f8i,11.760000000000002
fuit,fuit,6.78
full,ful,2.27
fun,fun,2.85
funk,funk,1.06
fur,fyR,1.41
fus,fy,6.9399999999999995
fut,fy,88.80000000000001
fâ,fa,43.440000000000005
fé,fe,5.0
fée,fe,8.760000000000002
fées,fe,7.01
fê,fê,24.749999999999996
fût,fy,9.290000000000001
fûts,fy,1.01
füh,fy,23.84
g,Ze,10.92
ga,ga,348.78999999999985
gad,gad,1.85
gag,gag,2.41
gai,gai,10.76
gaie,gE,6.58
gain,g5,2.58
gains,g5,3.02
gais,gais,1.81
gal,gal,2.19
gam,gam,2.18
gang,gang,12.44
gant,g@,9.86
gants,g@,15.16
gar,gar,385.92999999999995
gars,ga,289.63
gau,go,1.0899999999999999
gay,gE,21.93
gays,gE,6.0
gaz,gaz,36.33
ge,ge,77.0
gei,gei,2.23
gel,ZEl,4.61
gen,gen,141.72000000000003
gens,Z@,594.29
ger,ZER,8.12
ghet,gE,5.0
gi,Zi,36.42999999999999
gin,dZin,6.15
girl,girl,4.41
girls,girls,3.06
gla,gla,18.25
gland,gl@,2.14
glas,gla,1.28
glass,glas,1.05
glis,gli,9.549999999999999
glo,glo,5.04
go,go,24.94
goal,gol,1.32
gol,gOl,2.37
gold,gOld,3.11
golf,gOlf,14.05
gom,gom,2.43
gon,g§,5.5
gong,gong,2.35
gor,gOR,5.78
gou,gu,5.739999999999999
goû,gu,29.69
goût,gu,50.51
goûts,gu,7.43
gra,gRa,28.35
grain,gR5,10.74
grains,gR5,3.57
gran,gR@,30.06
grand,gR@,414.99
gras,gRa,12.19
gre,gre,1.58
grec,gREk,12.43
grecs,gREk,5.95
green,gRin,1.04
gri,gRi,1.12
grif,gRif,1.6199999999999999
gril,gRil,6.25
grill,gRil,1.66
grim,grim,2.1999999999999997
grin,grin,3.66
gris,gRi,13.88
groom,gRum,1.02
gros,gRo,210.88999999999996
group,group,7.41
grue,gRy,3.54
grues,gRy,1.22
gré,gRe,11.51
guet,gE,3.29
gueux,g2,2.14
gui,gi,18.32
gun,gun,1.15
gus,gys,9.38
gué,ge,40.529999999999994
gym,Zim,9.18
gâ,ga,96.28000000000002
gé,Ze,188.06000000000003
géan,Ze@,3.49
gê,ZE,29.930000000000003
gît,Zi,2.15
ha,a,118.72
haie,E,2.6
hais,E,31.21
hait,E,7.53
hall,ol,9.73
han,han,16.12
har,aR,10.940000000000001
hard,aRd,3.2
haut,o,139.95
hauts,o,8.11
hein,5,437.2
hel,El,10.82
hen,hen,1.2
hep,Ep,1.94
her,ER,4.470000000000001
heu,2,35.17
heur,9R,5.1499999999999995
hi,i,49.72
hic,ik,2.21
hier,hier,223.77
hin,5,1.32
hip,ip,4.43
his,i,4.73
hit,it,1.37
ho,o,51.989999999999995
hob,ob,2.5
hop,Op,26.52
hor,OR,3.23
hors,OR,71.94
hos,hos,7.48
hot,hot,2.23
hou,u,9.340000000000002
hour,uR,7.289999999999999
hu,y,110.97
hue,y,3.36
hugh,yg,1.38
hui,8i,3.2499999999999996
huit,huit,58.47
hum,9m,33.6
hur,yR,15.370000000000003
hy,i,9.08
hâ,a,3.88
hé,e,404.1000000000001
hô,o,114.67
i,i,3408.0200000000027
if,if,7.17
il,il,13223.34
ils,ils,3075.07
im,im,41.69
in,5,132.73000000000002
ir,ir,1.4000000000000001
is,i,24.599999999999998
j,j,67.47
ja,Za,1411.91
jaf,Zaf,5.41
jam,jam,8.94
japs,japs,2.04
jar,ZaR,56.029999999999994
jas,jas,1.6800000000000002
jau,Zo,1.85
jazz,dZaz,7.38
je,je,26138.01999999999
jean,dZin,3.62
jeans,jeans,2.93
jeep,dZip,4.18
jet,dZEt,7.96
jets,jets,2.53
jeu,Z2,182.88
jeux,Z2,33.65
jeû,Z2,1.6
jo,Zo,235.35000000000002
job,dZOb,27.24
jobs,dZOb,1.38
joie,Zwa,71.07
joies,Zwa,4.03
joins,Zw5,3.0
joint,Zw5,9.46
joints,Zw5,3.5999999999999996
jou,Zu,1.73
jouais,ZwE,12.89
jouait,ZwE,21.59
jouant,Zw@,5.66
joue,Zu,154.01
jouent,Zu,16.41
jouer,Zwe,225.84
joues,Zu,40.42
jouet,ZwE,11.82
jouets,ZwE,13.68
joueur,Zw9R,20.58
joug,Zu,2.47
joui,Zwi,3.65
jouir,ZwiR,10.42
jouis,Zwi,2.65
jouit,Zwi,1.99
jouons,Zw§,7.81
jour,ZuR,635.22
jours,ZuR,426.7
joué,Zwe,70.73
jouée,Zwe,2.28
ju,Zy,127.17000000000004
juif,Z8if,31.82
juin,juin,13.4
jun,jun,3.24
jus,Zy,22.36
jà,Za,1.02
jé,Ze,8.19
k,k,9.93
ka,ka,6.699999999999999
kar,kaR,10.73
ki,ki,26.510000000000005
kid,kid,5.71
kif,kif,1.25
kil,kil,1.19
kit,kit,6.99
ké,ke,2.4000000000000004
l,l,112.12
la,la,16193.640000000003
lac,lak,32.010000000000005
lacs,lacs,3.6
lai,lai,1.97
laid,lE,10.45
lais,lais,140.59
lait,lE,59.41
lan,l@,52.440000000000005
land,land,2.56
lar,laR,10.09
lard,laR,8.49
las,las,13.5
le,le,17160.41
lea,lea,10.28
lent,l@,9.15
lents,l@,1.65
les,le,9961.13
let,let,3.7
leur,l9R,283.80999999999995
leurs,l9R,250.36
li,li,120.47000000000003
lie,li,5.009999999999999
lien,lj5,23.47
liens,lj5,12.42
lier,lje,5.07
lieu,lj2,153.12
lieues,lj2,1.74
lieux,lj2,28.73
light,light,3.76
lin,l5,2.24
lion,lj§,14.58
lions,lj§,5.36
lis,li,41.31
lit,li,190.32
lits,li,8.17
lié,lje,13.51
liée,lje,4.22
liées,lje,3.96
liés,lje,8.04
lo,lo,51.05
loft,lOft,1.11
loi,lwa,89.78
loin,lw5,248.34
lois,lwa,22.75
lon,l§,1.4400000000000002
long,l§,101.06000000000002
look,luk,10.47
lord,lord,1.26
lors,lOR,35.79
lot,lo,11.87
lots,lo,1.42
lou,lu,12.15
louait,lwE,1.46
loue,lu,6.34
louer,lwe,15.03
louis,louis,5.02
louons,lw§,1.35
loup,lu,20.97
loups,lu,8.41
lourd,luR,27.000000000000004
loué,loué,16.58
louée,lwe,2.5
loya,loya,2.13
lu,ly,91.72000000000001
lue,ly,2.86
lues,ly,1.1500000000000001
lueur,l89R,5.37
lueurs,l89R,1.28
lui,l8i,2314.18
luis,l8i,6.61
luit,luit,2.02
lun,l1,36.94
lus,ly,3.22
lut,ly,15.12
luxe,lyks,15.52
luxu,lyksy,2.92
ly,li,42.830000000000005
lys,lis,2.41
là,la,2135.0600000000004
lâ,la,82.49
lè,lè,1.91
lé,le,55.920000000000016
m,m,87.39
ma,ma,3946.2000000000007
mac,mak,6.81
mag,mag,3.95
mai,mai,597.4499999999999
mail,mail,2.23
mails,mails,1.05
main,m5,286.62
mains,m5,212.97
maint,m5,1.27
mais,mE,5180.5
mal,mal,832.76
mam,mam,1.6800000000000002
man,man,381.1
mar,maR,167.08000000000007
marc,maR,1.18
mark,maRk,1.31
marks,maRk,11.93
mars,maRs,9.75
mas,ma,9.55
mat,mat,5.44
mau,mo,28.509999999999998
maux,mo,8.31
max,maks,5.94
me,me,5022.259999999999
mec,mEk,252.97
mecs,mEk,72.61
men,men,109.17
mens,m@,42.16
ment,m@,24.08
mer,mER,1429.2200000000005
mers,mER,7.12
mes,me,1104.84
mess,mEs,1.74
met,mE,189.81
mets,mE,196.92000000000002
meu,meu,1.08
meuf,m9f,6.22
meurs,m9R,43.9
meurt,m9R,44.29
mi,mi,300.54999999999995
miam,mjam,2.19
mie,mi,1.39
miel,mjEl,18.03
mien,mj5,55.67
miens,mj5,17.080000000000002
mieux,mj2,705.85
min,min,7.97
mis,mi,241.76
miss,mis,39.08
mit,mi,7.48
mo,mo,543.1399999999999
moeurs,moeurs,3.08
moi,mwa,3784.300000000001
moins,mw5,489.1
mois,mwa,312.31
mol,mol,7.260000000000001
mon,m§,4027.1899999999996
mont,m§,9.04
monts,m§,3.59
mor,mOR,35.07000000000001
mord,mOR,7.95
mort,mOR,745.0999999999999
morts,mOR,143.16
mot,mo,174.83
mots,mo,104.72
mou,mu,266.93
mouais,mwE,1.15
mour,muR,13.63
mous,mu,1.83
mu,my,45.769999999999996
muet,muet,11.36
muets,muets,3.1900000000000004
muf,m9f,1.3
mul,myl,2.37
mur,myR,58.9
murs,myR,30.04
mus,mus,2.55
must,m9st,3.98
mâ,ma,3.1599999999999993
mât,ma,1.47
mè,mE,4.7
mé,me,172.34999999999997
mê,mê,24.450000000000003
mû,my,3.72
mûr,myR,3.6
mûrs,myR,1.27
n,n,80.03
na,na,152.15000000000003
nain,n5,10.11
nains,n5,4.82
nau,no,4.75
naî,nE,1.55
naît,nE,5.47
naï,nai,3.1199999999999997
naïf,naif,1.1099999999999999
ne,ne,13382.06
nec,nEk,2.92
nei,nei,1.25
nerf,nER,8.09
net,net,19.93
neuf,neuf,40.64
nez,ne,75.18
ni,ni,436.6699999999999
niais,njE,1.83
nid,ni,11.07
nie,ni,8.35
nier,nier,7.76
nies,ni,2.96
niez,nje,1.87
nié,nje,1.56
no,no,36.51
noeud,n2,7.64
noie,nwa,4.67
noir,nwaR,127.27
noirs,nwaR,42.26
noix,nwa,12.83
nom,n§,528.17
non,n§,4043.8
nor,nOR,98.27000000000001
nord,nOR,62.64
nos,no,524.63
nou,nu,36.34
nouer,nwe,1.67
nour,nour,7.99
nous,nu,4772.12
noya,nwaya,1.85
nu,ny,185.91000000000003
nue,ny,21.29
nues,ny,7.6
nui,n8i,2.04
nuit,nuit,562.8499999999999
nuits,nuits,28.98
nul,nyl,59.3
nuls,nyl,7.26
nus,ny,12.22
ny,ni,1.32
né,ne,69.13000000000001
née,ne,24.459999999999997
nées,ne,1.7000000000000002
nés,ne,9.93
o,o,266.89999999999986
ob,ob,45.94
obs,obs,5.0
oc,ok,54.58
oeil,9j,97.13
oeuf,9f,13.53
of,o,93.17999999999999
off,Of,3.2899999999999996
oh,o,897.53
oi,wa,44.35
oie,wa,5.47
oies,wa,3.75
ois,wa,1.16
on,§,8590.9
ont,§,1444.5
op,Op,8.72
or,OR,143.37999999999994
os,os,42.510000000000005
ou,u,1950.9499999999998
ouais,wE,533.02
ouest,wEst,36.6
ouf,uf,4.57
oui,wi,3207.35
our,uR,2.87
ours,ours,23.96
out,ut,14.899999999999999
ouïe,wi,3.21
ov,ov,2.98
oxy,oksi,1.07
où,u,2177.25
pa,pa,950.78
pad,pad,1.52
paf,paf,1.4200000000000002
paie,pE,70.31
paient,pE,6.98
paies,pE,9.280000000000001
pain,p5,62.81
pains,p5,4.77
pair,pER,3.02
pairs,pER,1.65
paix,pE,144.86
pal,pal,1.85
pan,p@,13.09
par,paR,4236.100000000001
parc,paRk,31.02
parcs,parcs,1.84
pars,paR,125.23
part,paR,367.07
parts,paR,6.58
pas,pa,19244.450000000004
pau,po,8.56
paye,pEj,39.44
payent,payent,4.3
payes,payes,5.07
pe,pe,847.7499999999999
peau,po,83.83
peaux,po,3.63
pei,pei,2.6000000000000005
peins,p5,3.77
peint,p5,13.549999999999999
peints,p5,1.3
pen,p@,496.4999999999999
pend,p@,2.5
peo,peo,4.07
per,pER,410.6499999999999
perd,pER,39.97
perm,pERm,1.38
pet,pE,3.51
peu,p2,1147.57
peur,peur,551.83
peurs,p9R,5.38
peut,p2,1209.64
peux,p2,1743.78
pff,pff,1.59
phi,fi,2.74
pho,fo,124.65
pi,pi,209.1
pia,pja,23.560000000000002
piaf,pjaf,1.75
piaz,piaz,1.89
pic,pik,5.04
pie,pi,1.94
pied,pje,105.51
pieu,pj2,5.49
pieux,pj2,2.91
pif,pif,1.58
pil,pil,5.109999999999999
pin,p5,13.509999999999996
pins,p5,2.27
pion,pj§,3.03
pions,pj§,1.92
pis,pi,65.74999999999999
piz,piz,23.090000000000003
pié,pje,23.099999999999998
pla,pla,47.28999999999999
plai,plai,12.770000000000001
plaie,plE,10.42
plaies,plE,4.59
plains,pl5,13.129999999999999
plaint,pl5,7.28
plais,plE,21.48
plan,pl@,135.85
plans,pl@,28.74
plant,pl@,1.07
plants,pl@,1.47
plas,plas,2.85
plat,pla,30.21
plats,pla,10.7
plaît,plE,499.91
plein,pl5,204.66
pleins,pl5,13.99
pleu,pleu,16.91
pleurs,pl9R,9.32
pleut,pl2,20.5
pli,pli,4.42
plie,pli,3.67
plis,pli,1.8000000000000003
plomb,pl§,10.62
plombs,pl§,9.62
plon,pl§,5.87
plouc,pluk,3.29
ploucs,pluk,1.79
plouf,pluf,1.31
plu,ply,242.14000000000001
pluie,pl8i,42.91
pluies,pl8i,3.19
plus,ply,4067.91
pneu,pn2,5.8999999999999995
pneus,pn2,7.79
po,po,215.27999999999994
poi,pwa,22.29
poil,pwal,27.09
poils,pwal,12.24
poin,pw5,6.339999999999999
poing,pw5,13.25
point,pw5,226.60999999999999
points,pw5,38.62
pois,pwa,8.09
pol,pol,2.2199999999999998
pom,p§,4.299999999999999
pon,p§,4.789999999999999
pond,p§,1.18
pont,p§,50.45
ponts,p§,5.97
pool,pul,1.19
pop,pOp,5.46
por,pOR,83.38000000000001
porc,pOR,30.18
porcs,pOR,10.89
port,pOR,29.4
ports,pOR,2.28
pos,pos,11.139999999999999
pot,po,25.72
pots,po,4.17
pou,pu,416.91
pouf,puf,1.3
pouls,pu,15.64
pour,puR,7124.74
pous,pu,19.91
poux,pu,8.49
poè,poE,49.18000000000001
pre,pre,175.12
prend,pR@,179.02
pres,pres,27.28
preux,pR2,1.52
pri,pRi,212.89
prie,pRi,247.57999999999998
prient,pRi,1.52
pries,pRi,2.06
pris,pRi,380.83000000000004
prit,pRi,7.27
prix,pRi,126.55
priè,priè,19.15
pro,pRo,376.34999999999997
prof,pROf,30.36
proie,pRwa,9.19
proies,pRwa,1.42
prompt,pR§,1.7
pros,pRo,5.0
prou,pRu,9.399999999999999
proue,pRu,1.3
pru,pRy,2.15
près,pRE,213.66
pré,pRe,124.12
prê,prê,27.860000000000007
prêt,pRE,196.22
prêts,pRE,79.16
psy,psi,2.8099999999999996
pu,py,783.2999999999998
puait,p8E,1.19
puant,p8@,3.2600000000000002
puants,p8@,1.6
pub,pub,21.39
pubs,pubs,4.26
pue,py,24.090000000000003
puent,py,2.29
puer,p8e,1.44
pues,py,5.66
pui,p8i,1.64
puis,p8i,531.94
puits,p8i,19.52
pull,pull,11.41
pulls,pulls,2.02
punk,punk,5.45
pur,pyR,29.69
purs,pyR,3.67
pus,py,2.85
put,py,5.1
puzz,p9z,4.38
pué,p8e,2.08
py,pi,9.34
pâ,pa,13.469999999999999
pé,pe,166.03000000000003
péa,pea,1.08
pê,pê,14.369999999999997
q,ky,3.49
qu,qu,44.980000000000004
qua,ka,2.82
quai,quai,10.37
quais,ke,3.64
quand,quand,1830.73
quant,k@,7.94
quart,kaR,20.58
quarts,kaR,2.43
que,que,4100.9
quel,kEl,657.71
quels,kEl,56.44
queue,k2,38.93
queues,k2,2.66
qui,ki,5516.66
quit,quit,64.74
quo,ko,2.79
quoi,kwa,2481.98
ra,Ra,363.1099999999997
rab,Rab,13.87
raf,Raf,1.56
rai,RE,432.05999999999995
raid,REd,2.82
raie,RE,1.74
rail,Raj,1.7
rails,Raj,7.61
ral,Ral,2.35
ram,ram,5.319999999999999
ran,R@,43.75
rang,R@,19.4
rap,Rap,3.77
rapt,Rapt,1.13
ras,ras,7.91
rat,Ra,24.21
rats,Ra,21.39
re,re,1367.73
rec,REk,1.21
reg,reg,1.79
rein,R5,4.53
reins,R5,9.43
rem,rem,17.880000000000003
ren,R@,182.89000000000004
rend,R@,82.91
res,res,507.77
rhum,ROm,6.29
ri,Ri,64.54999999999998
ria,ria,2.21
riais,riais,1.32
riait,riait,3.34
riant,riant,2.04
rie,Ri,1.09
rien,Rj5,2381.56
rient,Ri,5.17
riez,riez,8.51
rin,R5,2.47
ring,ring,6.19
ris,Ri,22.36
rit,Ri,17.47
riz,Ri,18.49
ro,Ro,79.92000000000002
roc,ROk,3.37
roi,Rwa,166.92
rois,Rwa,11.19
roll,ROl,5.67
rom,rom,24.019999999999996
romps,R§,2.01
rompt,R§,1.66
ron,R§,6.3500000000000005
rond,R§,21.919999999999998
ros,Ro,1.9000000000000004
rot,Ro,1.76
rou,Ru,36.04999999999999
roue,Ru,13.72
roues,Ru,8.39
round,Rund,5.75
rous,Ru,1.1
roux,Ru,4.46
roya,roya,9.98
ru,Ry,32.49999999999999
rue,Ry,128.5
rues,Ry,30.5
rug,rug,1.14
rui,R8i,16.65
rut,Ryt,2.0
râ,Ra,7.0699999999999985
ré,Re,308.1800000000001
rê,rê,56.23
rô,Ro,13.04
s,Es,82.35000000000001
sa,sa,3422.909999999999
sab,sab,3.14
sac,sak,105.96
sacs,sak,18.64
sai,se,37.510000000000005
sain,s5,13.89
sains,s5,4.42
saint,s5,20.909999999999997
saints,s5,12.36
sais,sE,2492.9300000000003
sait,sE,401.46
sal,sal,1.51
sam,sam,3.0
san,san,88.91
sang,s@,304.3
sans,s@,1003.44
saoul,su,7.81
saouls,su,1.24
sas,sas,3.26
sau,so,371.18
sauf,sof,116.78
saut,so,13.53
sauts,so,1.23
sché,Se,3.02
se,se,4716.3
seau,so,7.02
seaux,so,2.0
sec,sEk,27.959999999999997
secs,sEk,4.91
sein,s5,16.93
seins,s5,27.97
sel,sEl,20.93
sem,sem,8.08
sen,sen,149.29
sens,sens,240.85
sent,s@,74.27
sept,sept,66.08
ser,sER,137.3
sers,sers,44.58
sert,sER,73.14
ses,se,757.8399999999999
set,sEt,3.05
seuil,s9j,5.45
seul,s9l,521.96
seuls,seuls,72.5
sexe,sEks,50.44
sexes,sEks,1.65
shah,Sa,1.13
sher,sher,2.75
shit,Sit,3.0
shoot,Sut,1.21
short,SORt,3.79
shé,Se,45.75
si,si,3790.27
sied,sje,1.67
sien,sj5,13.68
siens,sj5,7.71
sier,sier,4.0
sieur,sj9R,7.66
sil,sil,2.29
sin,sin,1.11
sir,siR,10.48
sis,si,1.77
six,six,117.37
so,so,160.36999999999998
soeur,s9R,155.22
soeurs,s9R,29.76
soi,swa,129.45
soie,swa,9.95
soient,swa,51.65
soif,soif,31.28
soin,sw5,54.45
soins,sw5,17.55
soir,soir,555.85
soirs,swaR,19.86
sois,swa,254.71
soit,swa,483.54999999999995
sol,sOl,99.61
sols,sOl,1.34
som,som,15.68
son,s§,1798.13
sons,s§,7.83
sont,s§,1960.69
sor,sOR,550.28
sors,sOR,156.13
sort,sOR,125.33
sorts,sOR,1.88
sot,so,4.66
sots,so,1.61
sou,su,157.61999999999998
soul,soul,1.71
sourd,suR,18.73
sous,su,337.04
soû,su,4.46
soûl,su,10.22
sport,spOR,24.61
sports,spOR,5.42
su,sy,487.82
sub,sub,4.54
suc,syk,40.11
sud,syd,29.48
sue,sy,1.78
suer,s8e,2.72
sueur,s89R,10.27
sueurs,s89R,1.45
suf,syf,193.79
sui,s8i,116.16
suis,s8i,3760.6000000000004
suit,s8i,32.57
sul,syl,1.8199999999999998
sur,syR,2608.29
surf,surf,5.57
surs,syR,1.11
sus,sus,2.8
sut,sy,1.68
sué,s8e,2.5
sym,sym,83.38
syn,s5,1.08
sé,se,85.50000000000001
séan,se@,18.49
séis,seis,2.6
sû,sy,7.01
sûr,syR,801.64
sûrs,syR,17.43
t,t,119.42
ta,ta,1438.4199999999992
tac,tak,3.16
tact,takt,2.68
taf,taf,1.04
tai,tai,26.61
tail,taj,2.8899999999999997
tais,tE,77.46
tait,tE,7.42
talc,talk,1.4
tam,tam,2.96
tan,t@,15.04
tank,t@k,3.8
tanks,t@ks,4.62
tant,t@,380.34
tar,taR,19.949999999999996
tard,taR,384.48
tas,ta,66.63000000000001
tau,to,5.46
taux,to,11.22
taxe,taks,2.19
taxes,taks,2.68
taï,taï,1.5
te,te,4291.33
team,tim,13.709999999999999
teint,t5,6.13
tel,tEl,76.29
tell,tEl,2.92
tels,tEl,14.97
tem,tEm,1.47
temps,t@,1031.05
ten,t@,70.76
tend,t@,3.72
ter,ter,3.22
tes,te,690.72
test,tEst,34.87
tests,tEst,20.5
tex,tex,1.7
tho,to,8.45
thon,t§,5.66
thym,t5,1.17
thé,te,67.84
thés,te,1.17
ti,ti,323.63
tic,tik,2.47
tien,tj5,27.51
tiens,tj5,349.93
tient,tj5,78.32
tier,tier,1.33
tiers,tjER,6.6499999999999995
tilt,tilt,1.11
tim,tim,1.8599999999999999
tin,t5,1.84
tir,tiR,24.54
tirs,tiR,7.57
tis,ti,18.460000000000004
to,to,84.27
toast,tost,13.73
toasts,tost,2.56
toc,tOk,7.74
toi,twa,2520.2600000000007
toit,twa,42.63
toits,twa,6.37
tom,tom,300.81
ton,t§,1790.1499999999999
tong,tong,1.12
tons,t§,1.51
top,tOp,19.18
tor,tOR,16.369999999999997
tord,tOR,2.08
tort,tOR,64.89
torts,tOR,3.08
tou,tu,72.95
tour,tuR,203.46
tours,tuR,18.26
tous,tous,1287.03
tout,tu,3993.9300000000003
toux,tu,4.94
tra,tRa,72.75
trac,tRak,4.97
tracts,tRakt,3.26
trai,tRe,23.5
train,tR5,244.4
trains,tR5,10.88
trait,tRE,9.24
traits,tRE,8.18
tram,tRam,5.51
trau,tRo,4.44
traî,tRe,6.8
trem,trem,7.17
treuil,tR9j,1.34
tri,tRi,25.009999999999998
tria,tRia,2.4699999999999998
trie,tRi,1.02
trip,tRip,4.37
troc,troc,1.08
trois,tRwa,380.8
trolls,tROl,1.11
trom,trom,30.51
tronc,tR§,4.84
trop,tRo,859.54
trot,tRo,1.89
trou,tRu,423.82
troue,tRu,1.3
trous,tRu,15.4
tru,tRy,2.6999999999999997
truc,tRyk,274.94
trucs,tRyk,106.41
truie,tR8i,3.16
trust,tR9st,1.11
très,tRE,1589.92
tré,tRe,45.42
tu,ty,14685.11
tua,t8a,2.0
tuais,t8E,1.89
tuait,t8E,4.77
tuant,t8@,7.15
tue,ty,168.42000000000002
tuent,ty,14.08
tuer,t8e,346.18
tues,ty,11.95
tueur,t89R,52.42
tueurs,t89R,10.32
tun,tun,15.88
tuons,t8§,2.27
tur,tyR,2.9899999999999998
turc,tyRk,3.08
tué,t8e,267.01
tuée,t8e,40.71
tuées,t8e,3.76
tués,t8e,23.88
ty,ti,10.350000000000001
tâ,ta,9.94
té,te,166.15999999999997
tê,tê,9.690000000000001
tôt,to,129.98
u,y,130.84
ul,yl,2.5700000000000003
un,1,12686.580000000002
uns,uns,15.74
ur,yR,27.720000000000002
us,ys,9.1
ut,yt,1.02
v,ve,30.099999999999998
va,va,3478.4
vac,vak,5.01
vain,v5,25.720000000000002
vains,v5,1.23
vais,vE,1644.99
val,val,14.62
van,van,8.78
vas,va,1010.99
vau,vo,9.309999999999999
vaut,vo,161.53
vaux,vo,11.67
ve,ve,1230.6599999999999
veau,vo,7.69
veil,vEj,2.71
ven,v@,91.78999999999999
vend,v@,22.75
vent,v@,71.5
vents,v@,5.84
ver,ver,197.34
vers,vER,257.68
vert,vER,34.81
verts,vER,10.16
ves,ve,3.21
veuf,v9f,2.4699999999999998
veut,v2,701.19
veux,v2,2486.93
vexe,vEks,1.65
vi,vi,393.8899999999997
via,vja,7.29
vie,vi,986.59
vieil,vieil,34.69
viens,vj5,944.81
vient,vj5,352.24
vies,vi,34.63
vieux,vj2,304.62
vif,vif,11.469999999999999
vil,vil,20.15
vin,v5,80.92
vingt,v5,29.47
vins,v5,6.54
vint,v5,7.58
vio,vjo,47.1
viol,vjOl,13.43
viols,vjOl,1.9
vis,vi,66.69000000000001
vit,vi,89.12
vo,vo,319.47999999999985
vod,vOd,17.07
voeu,v2,10.72
voeux,v2,17.86
voi,vwa,1066.3300000000002
voie,vwa,81.25999999999999
voient,vwa,26.16
voies,vwa,16.53
voir,vwaR,1401.1
vois,vwa,689.75
voit,vwa,181.98
voix,vwa,130.83
vol,vOl,78.67
vols,vOl,8.28
volts,vOlt,1.6
vont,v§,281.35
vor,vOR,6.14
vos,vo,649.07
vou,vu,733.9999999999999
vous,vu,13589.7
voué,vwe,2.52
vouée,vwe,1.42
voya,vwaja,122.2
vrac,vRak,1.17
vrai,vRE,713.0600000000001
vraie,vRE,83.64
vraies,vRE,13.91
vrais,vRE,33.99
vu,vy,950.86
vue,vy,198.01
vues,vy,13.73
vus,vy,48.93
vé,ve,288.95
vê,vê,8.909999999999998
wa,wa,10.24
watts,wat,1.75
x,iks,7.48
y,i,4377.9800000000005
ya,ja,1.1800000000000002
yan,yan,3.71
yang,j@g,3.25
yeah,yeah,14.01
yen,jEn,1.87
yens,yens,1.4
yeux,j2,315.89
yin,jin,2.17
yo,jo,3.7399999999999998
you,ju,2.17
z,z,5.39
zap,zap,1.48
zen,zEn,3.4699999999999998
zi,zi,3.14
zig,zig,1.52
zinc,zinc,1.96
zo,zo,1.5599999999999998
zob,zOb,1.54
zom,z§,2.9800000000000004
zoom,zum,2.27
zou,zu,1.86
zut,zyt,13.69
zé,ze,34.37
à,a,12190.4
â,a,20.450000000000003
ça,sa,8971.85
çà,sa,7.78
é,e,5878.660000000003
î,i,1.2
ô,o,28.940000000000012
